CREATE DATABASE hw;

CREATE TABLE users (
        id integer,
        confirmed text,
        email text,
        name text
);

CREATE TABLE purchases
(
        id integer,
        user_id integer,
        date DATE,
        sum integer,
        item_id integer
);

CREATE TABLE items
(
	id integer,
	type text
);

INSERT INTO users VALUES
   (1 , 't' ,'user1@test.ru',' User1'),
   (2 , 'f' ,'user2@test.ru',' User2'),
   (3 , 't' ,'user3@test.ru',' User3'),
   (4 , 't' ,'user4@test.ru',' User4');

INSERT INTO purchases VALUES
  ( 1, 4 , '2019-02-01 11:32:49', 100, 2342),
  ( 2, 3 , '2019-02-01 15:00:06', 150, 6456),
  ( 3, 3 , '2019-02-02 20:53:17', 300, 5678),
  ( 4, 2 , '2019-02-02 21:37:12', 100, 6768),
  ( 5, 4 , '2019-02-02 22:01:24', 150, 6786),
  ( 6, 1 , '2019-02-02 22:59:20', 100, 6788),
  ( 7, 2 , '2019-02-03 09:06:14', 150, 7897),
  ( 8, 3 , '2019-02-03 09:57:44', 150, 7897),
  ( 9, 1 , '2019-02-03 12:44:12', 150, 7897),
  (10, 3 , '2019-02-03 19:08:11', 100, 2342),
  (11, 1 , '2019-02-04 22:59:20', 100, 8908),
  (12, 3 , '2019-02-03 09:06:14', 150, 7567),
  (13, 3 , '2019-02-03 09:57:44', 150, 7809),
  (14, 1 , '2019-02-03 12:44:12', 150, 0894),
  (15, 3 , '2019-02-03 19:08:11', 100, 2623),
  (16, 2 , '2019-02-04 00:08:11', 100, 8356),
  (17, 1 , '2019-02-03 23:59:20', 100, 2634),
  (18, 1 , '2019-02-03 09:06:14', 150, 1231),
  (20, 2 , '2019-02-03 12:44:12', 150, 1243);

INSERT INTO items VALUES
 (7897, 'video'), 
 (7809, 'video'), 
 (6788, 'season'),
 (8356, 'video'),
 (2634, 'season'),
 (1243, 'video');
